{
  "hash": "13f0cac7",
  "configHash": "a522dbd7",
  "lockfileHash": "d94bc18b",
  "browserHash": "80648301",
  "optimized": {
    "@angular/core": {
      "src": "../../../../../../node_modules/@angular/core/fesm2022/core.mjs",
      "file": "@angular_core.js",
      "fileHash": "455abdff",
      "needsInterop": false
    },
    "@angular/platform-browser": {
      "src": "../../../../../../node_modules/@angular/platform-browser/fesm2022/platform-browser.mjs",
      "file": "@angular_platform-browser.js",
      "fileHash": "4c70d127",
      "needsInterop": false
    },
    "@angular/router": {
      "src": "../../../../../../node_modules/@angular/router/fesm2022/router.mjs",
      "file": "@angular_router.js",
      "fileHash": "991a41ea",
      "needsInterop": false
    }
  },
  "chunks": {
    "chunk-DDSXTL3A": {
      "file": "chunk-DDSXTL3A.js"
    },
    "chunk-GZKEX4RU": {
      "file": "chunk-GZKEX4RU.js"
    }
  }
}